-- 創建 user 假資料
INSERT INTO bookmazon.user (user_account, user_password, user_identification, user_email, user_birthday, update_datetime, create_datetime)
VALUES
    ('user1', 'password1', '1', 'user1@example.com', '1990-01-01', '2023-10-27T10:00:00Z', '2023-10-27T10:00:00Z'),
    ('user2', 'password2', '1', 'user2@example.com', '1991-02-02', '2023-10-27T11:00:00Z', '2023-10-27T11:00:00Z'),
    ('user3', 'password3', '1', 'user3@example.com', '1992-03-03', '2023-10-27T12:00:00Z', '2023-10-27T12:00:00Z'),
    ('user4', 'password4', '1', 'user4@example.com', '1993-04-04', '2023-10-27T13:00:00Z', '2023-10-27T13:00:00Z'),
    ('user5', 'password5', '1', 'user5@example.com', '1994-05-05', '2023-10-27T14:00:00Z', '2023-10-27T14:00:00Z'),
    ('user6', 'password6', '1', 'user6@example.com', '1995-06-06', '2023-10-27T15:00:00Z', '2023-10-27T15:00:00Z'),
    ('user7', 'password7', '1', 'user7@example.com', '1996-07-07', '2023-10-27T16:00:00Z', '2023-10-27T16:00:00Z'),
    ('user8', 'password8', '1', 'user8@example.com', '1997-08-08', '2023-10-27T17:00:00Z', '2023-10-27T17:00:00Z'),
    ('user9', 'password9', '1', 'user9@example.com', '1998-09-09', '2023-10-27T18:00:00Z', '2023-10-27T18:00:00Z'),
    ('user10', 'password10', '1', 'user10@example.com', '1999-10-10', '2023-10-27T19:00:00Z', '2023-10-27T19:00:00Z'),
    ('user11', 'password11', '1', 'user11@example.com', '2000-11-11', '2023-10-27T20:00:00Z', '2023-10-27T20:00:00Z'),
    ('user12', 'password12', '1', 'user12@example.com', '2001-12-12', '2023-10-27T21:00:00Z', '2023-10-27T21:00:00Z'),
    ('user13', 'password13', '1', 'user13@example.com', '2002-01-13', '2023-10-27T22:00:00Z', '2023-10-27T22:00:00Z'),
    ('user14', 'password14', '1', 'user14@example.com', '2003-02-14', '2023-10-27T23:00:00Z', '2023-10-27T23:00:00Z'),
    ('user15', 'password15', '1', 'user15@example.com', '2004-03-15', '2023-10-27T00:00:00Z', '2023-10-27T00:00:00Z'),
    ('user16', 'password16', '1', 'user16@example.com', '2005-04-16', '2023-10-27T01:00:00Z', '2023-10-27T01:00:00Z'),
    ('user17', 'password17', '1', 'user17@example.com', '2006-05-17', '2023-10-27T02:00:00Z', '2023-10-27T02:00:00Z'),
    ('user18', 'password18', '1', 'user18@example.com', '2007-06-18', '2023-10-27T03:00:00Z', '2023-10-27T03:00:00Z'),
    ('user19', 'password19', '1', 'user19@example.com', '2008-07-19', '2023-10-27T04:00:00Z', '2023-10-27T04:00:00Z'),
    ('user20', 'password20', '1', 'user20@example.com', '2009-08-20', '2023-10-27T05:00:00Z', '2023-10-27T05:00:00Z');



-- 創建 book 假資料
INSERT INTO bookmazon.book (book_id, book_name, book_author, book_publisher, book_price, book_category, update_datetime, create_datetime)
VALUES
    ('9868249465', '資訊科技的未來', '林明宇', '科技出版社', 300, 'Computer', '2023-10-27T10:00:00Z', '2023-10-27T10:00:00Z'),
    ('1234567890', '程式設計與演算法', '吳志明', '資訊科技有限公司', 400, 'Fiction', '2023-10-27T10:00:00Z', '2023-10-27T10:00:00Z'),
    ('2345678901', '雲端運算實務指南', '陳思瑩', '科技科學出版社', 500, 'Non-Fiction', '2023-10-27T10:00:00Z', '2023-10-27T10:00:00Z'),
    ('3456789012', '物聯網技術手冊', '林明宇', '中華圖書有限公司', 600, 'Science', '2023-10-27T10:00:00Z', '2023-10-27T10:00:00Z'),
    ('4567890123', '人工智慧基礎', '吳志明', '科技圖書出版社', 700, 'Mystery', '2023-10-27T10:00:00Z', '2023-10-27T10:00:00Z'),
    ('5678901234', '網路安全與防護', '陳思瑩', '科技出版有限公司', 800, 'Romance', '2023-10-27T10:00:00Z', '2023-10-27T10:00:00Z'),
    ('6789012345', '大數據分析入門', '林明宇', '科技圖書股份有限公司', 900, 'Biography', '2023-10-27T10:00:00Z', '2023-10-27T10:00:00Z'),
    ('7890123456', '區塊鏈技術探索', '吳志明', '科技圖書科技有限公司', 100, 'History', '2023-10-27T10:00:00Z', '2023-10-27T10:00:00Z'),
    ('8901234567', '資訊科學導論', '陳思瑩', '科技圖書出版股份有限公司', 200, 'Fantasy', '2023-10-27T10:00:00Z', '2023-10-27T10:00:00Z'),
    ('9012345678', '軟體工程實踐', '林明宇', '科技科學出版有限公司', 300, 'Self-Help', '2023-10-27T10:00:00Z', '2023-10-27T10:00:00Z'),
    ('0123456789', '機器學習概論', '吳志明', '科技圖書科技有限公司', 400, 'Science Fiction', '2023-10-27T10:00:00Z', '2023-10-27T10:00:00Z'),
    ('1234567891', '資訊科技管理', '陳思瑩', '科技科學圖書出版有限公司', 500, 'Adventure', '2023-10-27T10:00:00Z', '2023-10-27T10:00:00Z'),
    ('2345678902', '網頁開發技巧', '林明宇', '科技圖書有限股份公司', 600, 'Mystery', '2023-10-27T10:00:00Z', '2023-10-27T10:00:00Z'),
    ('3456789013', '電子商務策略', '吳志明', '科技圖書出版科技股份有限公司', 700, 'Fantasy', '2023-10-27T10:00:00Z', '2023-10-27T10:00:00Z'),
    ('4567890124', '數位行銷趨勢', '陳思瑩', '科技科學出版圖書有限公司', 800, 'Biography', '2023-10-27T10:00:00Z', '2023-10-27T10:00:00Z'),
    ('5678901235', '資訊安全入門', '林明宇', '科技圖書股份有限圖書出版公司', 900, 'Romance', '2023-10-27T10:00:00Z', '2023-10-27T10:00:00Z'),
    ('6789012346', '網路架構與設計', '吳志明', '科技圖書出版科技圖書有限股份公司', 100, 'History', '2023-10-27T10:00:00Z', '2023-10-27T10:00:00Z'),
    ('7890123457', '量子計算概念', '陳思瑩', '科技科學圖書有限圖書出版科技圖書股份有限公司', 200, 'Mystery', '2023-10-27T10:00:00Z', '2023-10-27T10:00:00Z'),
    ('8901234568', '自動化機器人學', '林明宇', '科技圖書出版科技圖書科學有限股份公司', 300, 'Biography', '2023-10-27T10:00:00Z', '2023-10-27T10:00:00Z');


-- 創建 order 假資料
INSERT INTO bookmazon.order (user_account, order_total_price, order_date, order_status, update_datetime, create_datetime)
VALUES
    ('user1', 100, '2023-10-27T10:00:00Z', '1', '2023-10-27T10:00:00Z', '2023-10-27T10:00:00Z'),
    ('user2', 200, '2023-10-27T11:00:00Z', '0', '2023-10-27T11:00:00Z', '2023-10-27T11:00:00Z'),
    ('user3', 150, '2023-10-27T12:00:00Z', '1', '2023-10-27T12:00:00Z', '2023-10-27T12:00:00Z'),
    ('user4', 300, '2023-10-27T13:00:00Z', '2', '2023-10-27T13:00:00Z', '2023-10-27T13:00:00Z'),
    ('user5', 250, '2023-10-27T14:00:00Z', '1', '2023-10-27T14:00:00Z', '2023-10-27T14:00:00Z'),
    ('user6', 120, '2023-10-27T15:00:00Z', '0', '2023-10-27T15:00:00Z', '2023-10-27T15:00:00Z'),
    ('user7', 180, '2023-10-27T16:00:00Z', '1', '2023-10-27T16:00:00Z', '2023-10-27T16:00:00Z'),
    ('user8', 220, '2023-10-27T17:00:00Z', '2', '2023-10-27T17:00:00Z', '2023-10-27T17:00:00Z'),
    ('user9', 270, '2023-10-27T18:00:00Z', '0', '2023-10-27T18:00:00Z', '2023-10-27T18:00:00Z'),
    ('user10', 320, '2023-10-27T19:00:00Z', '1', '2023-10-27T19:00:00Z', '2023-10-27T19:00:00Z'),
    ('user11', 170, '2023-10-27T20:00:00Z', '0', '2023-10-27T20:00:00Z', '2023-10-27T20:00:00Z'),
    ('user12', 230, '2023-10-27T21:00:00Z', '1', '2023-10-27T21:00:00Z', '2023-10-27T21:00:00Z'),
    ('user13', 350, '2023-10-27T22:00:00Z', '2', '2023-10-27T22:00:00Z', '2023-10-27T22:00:00Z'),
    ('user14', 290, '2023-10-27T23:00:00Z', '1', '2023-10-27T23:00:00Z', '2023-10-27T23:00:00Z'),
    ('user15', 180, '2023-10-27T00:00:00Z', '0', '2023-10-27T00:00:00Z', '2023-10-27T00:00:00Z'),
    ('user16', 240, '2023-10-27T01:00:00Z', '1', '2023-10-27T01:00:00Z', '2023-10-27T01:00:00Z'),
    ('user17', 120, '2023-10-27T02:00:00Z', '0', '2023-10-27T02:00:00Z', '2023-10-27T02:00:00Z'),
    ('user18', 290, '2023-10-27T03:00:00Z', '1', '2023-10-27T03:00:00Z', '2023-10-27T03:00:00Z'),
    ('user19', 350, '2023-10-27T04:00:00Z', '2', '2023-10-27T04:00:00Z', '2023-10-27T04:00:00Z'),
    ('user20', 180, '2023-10-27T05:00:00Z', '0', '2023-10-27T05:00:00Z', '2023-10-27T05:00:00Z');

-- 創建 item 假資料
INSERT INTO bookmazon.item (book_id, item_status, book_count, update_datetime, create_datetime)
VALUES
    ('9868249465', '0', 50, '2023-10-27T10:00:00Z', '2023-10-27T10:00:00Z'),
    ('1234567890', '0', 30, '2023-10-27T10:00:00Z', '2023-10-27T10:00:00Z'),
    ('2345678901', '0', 20, '2023-10-27T10:00:00Z', '2023-10-27T10:00:00Z'),
    ('3456789012', '0', 40, '2023-10-27T10:00:00Z', '2023-10-27T10:00:00Z'),
    ('4567890123', '0', 60, '2023-10-27T10:00:00Z', '2023-10-27T10:00:00Z'),
    ('5678901234', '0', 25, '2023-10-27T10:00:00Z', '2023-10-27T10:00:00Z'),
    ('6789012345', '0', 45, '2023-10-27T10:00:00Z', '2023-10-27T10:00:00Z'),
    ('7890123456', '0', 15, '2023-10-27T10:00:00Z', '2023-10-27T10:00:00Z'),
    ('8901234567', '0', 35, '2023-10-27T10:00:00Z', '2023-10-27T10:00:00Z'),
    ('9012345678', '0', 10, '2023-10-27T10:00:00Z', '2023-10-27T10:00:00Z'),
    ('0123456789', '0', 50, '2023-10-27T10:00:00Z', '2023-10-27T10:00:00Z'),
    ('1234567891', '0', 30, '2023-10-27T10:00:00Z', '2023-10-27T10:00:00Z'),
    ('2345678902', '0', 20, '2023-10-27T10:00:00Z', '2023-10-27T10:00:00Z'),
    ('3456789013', '0', 40, '2023-10-27T10:00:00Z', '2023-10-27T10:00:00Z'),
    ('4567890124', '0', 60, '2023-10-27T10:00:00Z', '2023-10-27T10:00:00Z'),
    ('5678901235', '0', 25, '2023-10-27T10:00:00Z', '2023-10-27T10:00:00Z'),
    ('6789012346', '0', 45, '2023-10-27T10:00:00Z', '2023-10-27T10:00:00Z'),
    ('7890123457', '0', 15, '2023-10-27T10:00:00Z', '2023-10-27T10:00:00Z'),
    ('8901234568', '0', 35, '2023-10-27T10:00:00Z', '2023-10-27T10:00:00Z');


-- 創建 order_item 假資料
INSERT INTO bookmazon.order_item (order_id, book_id, quantity, update_datetime, create_datetime)
VALUES
    (1, '9868249465', 2, '2023-10-27T10:00:00Z', '2023-10-27T10:00:00Z'),
    (1, '1234567890', 3, '2023-10-27T10:00:00Z', '2023-10-27T10:00:00Z'),
    (2, '2345678901', 1, '2023-10-27T10:00:00Z', '2023-10-27T10:00:00Z'),
    (2, '3456789012', 4, '2023-10-27T10:00:00Z', '2023-10-27T10:00:00Z'),
    (3, '4567890123', 2, '2023-10-27T10:00:00Z', '2023-10-27T10:00:00Z'),
    (3, '5678901234', 3, '2023-10-27T10:00:00Z', '2023-10-27T10:00:00Z'),
    (4, '6789012345', 1, '2023-10-27T10:00:00Z', '2023-10-27T10:00:00Z'),
    (4, '7890123456', 5, '2023-10-27T10:00:00Z', '2023-10-27T10:00:00Z'),
    (5, '8901234567', 2, '2023-10-27T10:00:00Z', '2023-10-27T10:00:00Z'),
    (5, '9012345678', 3, '2023-10-27T10:00:00Z', '2023-10-27T10:00:00Z'),
    (6, '0123456789', 1, '2023-10-27T10:00:00Z', '2023-10-27T10:00:00Z'),
    (6, '1234567891', 4, '2023-10-27T10:00:00Z', '2023-10-27T10:00:00Z'),
    (7, '2345678902', 3, '2023-10-27T10:00:00Z', '2023-10-27T10:00:00Z'),
    (7, '3456789013', 2, '2023-10-27T10:00:00Z', '2023-10-27T10:00:00Z'),
    (8, '4567890124', 5, '2023-10-27T10:00:00Z', '2023-10-27T10:00:00Z'),
    (8, '5678901235', 1, '2023-10-27T10:00:00Z', '2023-10-27T10:00:00Z'),
    (9, '6789012346', 2, '2023-10-27T10:00:00Z', '2023-10-27T10:00:00Z'),
    (9, '7890123457', 3, '2023-10-27T10:00:00Z', '2023-10-27T10:00:00Z'),
    (10, '8901234568', 1, '2023-10-27T10:00:00Z', '2023-10-27T10:00:00Z'),
    (10, '9868249465', 4, '2023-10-27T10:00:00Z', '2023-10-27T10:00:00Z');

-- 創建 cart 假資料
INSERT INTO bookmazon.cart (user_account, book_id, quantity, update_datetime, create_datetime)
VALUES
    ('user1', '9868249465', 2, '2023-10-27T10:00:00Z', '2023-10-27T10:00:00Z'),
    ('user1', '1234567890', 3, '2023-10-27T10:00:00Z', '2023-10-27T10:00:00Z'),
    ('user2', '2345678901', 1, '2023-10-27T10:00:00Z', '2023-10-27T10:00:00Z'),
    ('user2', '3456789012', 4, '2023-10-27T10:00:00Z', '2023-10-27T10:00:00Z'),
    ('user3', '4567890123', 2, '2023-10-27T10:00:00Z', '2023-10-27T10:00:00Z'),
    ('user3', '5678901234', 3, '2023-10-27T10:00:00Z', '2023-10-27T10:00:00Z'),
    ('user4', '6789012345', 1, '2023-10-27T10:00:00Z', '2023-10-27T10:00:00Z'),
    ('user4', '7890123456', 5, '2023-10-27T10:00:00Z', '2023-10-27T10:00:00Z'),
    ('user5', '8901234567', 2, '2023-10-27T10:00:00Z', '2023-10-27T10:00:00Z'),
    ('user5', '9012345678', 3, '2023-10-27T10:00:00Z', '2023-10-27T10:00:00Z'),
    ('user6', '0123456789', 1, '2023-10-27T10:00:00Z', '2023-10-27T10:00:00Z'),
    ('user6', '1234567891', 4, '2023-10-27T10:00:00Z', '2023-10-27T10:00:00Z'),
    ('user7', '2345678902', 3, '2023-10-27T10:00:00Z', '2023-10-27T10:00:00Z'),
    ('user7', '3456789013', 2, '2023-10-27T10:00:00Z', '2023-10-27T10:00:00Z'),
    ('user8', '4567890124', 5, '2023-10-27T10:00:00Z', '2023-10-27T10:00:00Z'),
    ('user8', '5678901235', 1, '2023-10-27T10:00:00Z', '2023-10-27T10:00:00Z'),
    ('user9', '6789012346', 2, '2023-10-27T10:00:00Z', '2023-10-27T10:00:00Z'),
    ('user9', '7890123457', 3, '2023-10-27T10:00:00Z', '2023-10-27T10:00:00Z'),
    ('user10', '8901234568', 1, '2023-10-27T10:00:00Z', '2023-10-27T10:00:00Z'),
    ('user10', '9868249465', 4, '2023-10-27T10:00:00Z', '2023-10-27T10:00:00Z');



